Year,Avg Temp
2015,16.05
2016,17.012778
2018,14.492857
2019,16.966667
2020,16.25
