Year,Max,Min
2015,23.4625,8.6375
2016,26.87,7.15555555555556
2018,26.1857142857143,2.8
2019,27.3333333333333,6.6
2020,27.9,4.6
