Year,Average
2007,11.3
2008,14.383333
2009,14.936364
2010,14.620833
2011,14.575
2012,14.804167
2013,15.083333
2014,14.875
2015,15.375
2016,15.6875
2017,16.125
2018,15.766667
2019,17.5
2020,17.225
