Year,Average
2011,17.6
2012,16.927273
2013,17.7625
2014,18.141667
2015,18.745
2016,18.825
2017,18.85
2018,19.063636
2019,18.69
2020,18.53125
