Year,Max,Min
2009,23.0583333333333,7.70833333333334
2010,22.35,8.45833333333333
2011,22.6636363636364,7.64166666666667
2012,22.8727272727273,7.20909090909091
2013,22.6333333333333,7.95833333333334
2014,22.2125,7.8875
2015,23.7833333333333,8.11666666666667
2016,23.3181818181818,8.32727272727273
2017,22.9636363636364,6.64545454545455
2018,22.82,7.38
2019,21.65,8.2
2020,22.14,10.02
