Year,Average
2009,15.383333
2010,15.404167
2011,15.152652
2012,15.040909
2013,15.295833
2014,15.05
2015,15.95
2016,15.822727
2017,14.804545
2018,15.1
2019,14.925
2020,16.08
