Year,Max,Min
2015,26.3333333333333,15.6166666666667
2016,24.0428571428571,13.5285714285714
2017,21.62,12.27
2018,25.55,13.1666666666667
2019,23.9,11.9
2020,24.4,13.6
